f0,f1,f2,f3,f4,f5,f6,f7,f8,f9,f10,f11,f12,f13,f14,f15,f16,f17,f18,f19,f20,f21,f22,f23,f24,f25,f26,f27,f28,f29,f30,f31,f32,f33,f34,f35,f36,f37,f38,f39,f40,f41,f42,label,source_type,source_file,frame_index,auto_label,needs_review,batch_id,scenario
0.0,0.0,0.0,0.0,0.0,0.0,0.0,0.0,0.0,0.0,0.0,0.0,0.0,0.0,0.0,0.0,0.0,0.0,0.0,0.0,0.0,0.0,0.0,0.0,0.0,0.0,0.0,0.0,0.0,0.0,1.0,0.0,0.0,0.0,0.0,0.0,0.0,0.0,0.0,0.0,0.0,0.0,0.0,EXPLORE,real_media,IMG_2270.MOV,8,EXPLORE,0,batch_img2270_real,mixed
0.0,0.0,0.0,0.0,0.0,0.0,0.0,0.0,0.0,0.0,0.0,0.0,0.0,0.0,0.0,0.0,0.0,0.0,0.0,0.0,0.0,0.0,0.0,0.0,0.0,0.0,0.0,0.0,0.0,0.0,0.0,0.0,1.0,0.0,0.0,1.0,0.0,0.0,0.0,0.0,0.0,0.0,0.0,EXPLORE,real_media,IMG_2270.MOV,16,EXPLORE,0,batch_img2270_real,mixed
0.0,0.0,0.0,0.0,0.0,0.0,0.0,0.0,0.0,0.0,0.0,0.0,0.0,0.0,0.0,0.0,0.0,0.0,0.0,0.0,0.0,0.0,0.0,0.0,0.0,0.0,0.0,0.0,0.0,0.0,0.0,0.0,1.0,0.0,0.0,1.0,0.0,0.0,0.0,0.0,0.0,0.0,0.0,EXPLORE,real_media,IMG_2270.MOV,24,EXPLORE,0,batch_img2270_real,mixed
0.0,0.0,0.0,0.0,0.0,0.0,0.0,0.0,0.0,0.0,0.0,0.0,0.0,0.0,0.0,0.0,0.0,0.0,0.0,0.0,0.0,0.0,0.0,0.0,0.0,0.0,0.0,0.0,0.0,0.0,0.0,0.0,1.0,0.0,0.0,1.0,0.0,0.0,0.0,0.0,0.0,0.0,0.0,EXPLORE,real_media,IMG_2270.MOV,32,EXPLORE,0,batch_img2270_real,mixed
0.0,0.0,0.0,0.0,0.0,0.0,0.0,0.0,0.0,0.0,0.0,0.0,0.0,0.0,0.0,0.0,0.0,0.0,0.0,0.0,0.0,0.0,0.0,0.0,0.0,0.0,0.0,0.0,0.0,0.0,0.0,1.0,0.0,0.0,0.0,1.0,0.0,0.0,0.0,0.0,0.0,0.0,0.0,EXPLORE,real_media,IMG_2270.MOV,40,EXPLORE,0,batch_img2270_real,mixed
0.0,0.0,0.0,0.0,0.0,0.0,0.0,0.0,0.0,0.0,0.0,0.0,0.0,0.0,0.0,0.0,0.0,0.0,0.0,0.0,0.0,0.0,0.0,0.0,0.0,0.0,0.0,0.0,0.0,0.0,0.0,1.0,0.0,0.0,0.0,1.0,0.0,0.0,0.0,0.0,0.0,0.0,0.0,EXPLORE,real_media,IMG_2270.MOV,48,EXPLORE,0,batch_img2270_real,mixed
0.0,0.0,0.0,0.0,0.0,0.0,0.0,0.0,0.0,0.0,0.0,0.0,0.0,0.0,0.0,0.0,0.0,0.0,0.0,0.0,0.0,0.0,0.0,0.0,0.0,0.0,0.0,0.0,0.0,0.0,0.0,1.0,0.0,0.0,0.0,1.0,0.0,0.0,0.0,0.0,0.0,0.0,0.0,EXPLORE,real_media,IMG_2270.MOV,56,EXPLORE,0,batch_img2270_real,mixed
0.0,0.0,0.0,0.0,0.0,0.0,0.0,0.0,0.0,0.0,0.0,0.0,0.0,0.0,0.0,0.0,0.0,0.0,0.0,0.0,0.0,0.0,0.0,0.0,0.0,0.0,0.0,0.0,0.0,0.0,0.0,0.0,0.0,1.0,0.0,1.0,0.0,0.0,0.0,0.0,0.0,0.0,0.0,EXPLORE,real_media,IMG_2270.MOV,104,EXPLORE,0,batch_img2270_real,mixed
0.0,0.0,0.0,0.0,0.0,1.0,0.4801083207130432,0.9844140410423279,0.0,0.008333333767950535,0.0,0.0,0.0,0.0,0.0,0.0,0.0,0.0,0.0,0.0,0.0,0.0,0.0,0.0,0.0,0.0,0.0,0.0,0.0,0.0,0.0,1.0,0.0,0.0,0.0,1.0,0.3333333432674408,0.0,0.0,0.0,0.0,0.0,0.0,EXPLORE,real_media,IMG_2270.MOV,112,EXPLORE,0,batch_img2270_real,mixed
0.0,0.0,0.0,0.0,0.0,1.0,0.4940222203731537,0.9880533814430237,-0.0062500000931322575,-0.004166666883975267,0.0,0.0,0.0,0.0,0.0,0.0,0.0,0.0,0.0,0.0,0.0,0.0,0.0,0.0,0.0,0.0,0.0,0.0,0.0,0.0,0.0,1.0,0.0,0.0,0.0,1.0,0.3333333432674408,0.0,0.0,0.0,0.0,0.0,0.0,EXPLORE,real_media,IMG_2270.MOV,120,EXPLORE,0,batch_img2270_real,mixed
0.0,0.0,0.0,0.0,0.0,0.0,0.0,0.0,0.0,0.0,0.0,0.0,0.0,0.0,0.0,0.0,0.0,0.0,0.0,0.0,0.0,0.0,0.0,0.0,0.0,0.0,0.0,0.0,0.0,0.0,0.0,0.0,0.0,1.0,0.0,1.0,0.0,0.0,0.0,0.0,0.0,0.0,0.0,EXPLORE,real_media,IMG_2270.MOV,128,EXPLORE,0,batch_img2270_real,mixed
0.0,0.0,0.0,0.0,0.0,0.0,0.0,0.0,0.0,0.0,0.0,0.0,0.0,0.0,0.0,0.0,0.0,0.0,0.0,0.0,0.0,0.0,0.0,0.0,0.0,0.0,0.0,0.0,0.0,0.0,1.0,0.0,0.0,0.0,0.0,0.0,0.0,0.0,0.0,0.0,0.0,0.0,0.0,EXPLORE,real_media,IMG_2270.MOV,136,EXPLORE,0,batch_img2270_real,mixed
0.0,0.0,0.0,0.0,0.0,0.0,0.0,0.0,0.0,0.0,0.0,0.0,0.0,0.0,0.0,0.0,0.0,0.0,0.0,0.0,0.0,0.0,0.0,0.0,0.0,0.0,0.0,0.0,0.0,0.0,1.0,0.0,0.0,0.0,0.0,0.0,0.0,0.0,0.0,0.0,0.0,0.0,0.0,EXPLORE,real_media,IMG_2270.MOV,144,EXPLORE,0,batch_img2270_real,mixed
0.0,0.0,0.0,0.0,0.0,0.0,0.0,0.0,0.0,0.0,0.0,0.0,0.0,0.0,0.0,0.0,0.0,0.0,0.0,0.0,0.0,0.0,0.0,0.0,0.0,0.0,0.0,0.0,0.0,0.0,0.0,0.0,1.0,0.0,0.0,1.0,0.0,0.0,0.0,0.0,0.0,0.0,0.0,EXPLORE,real_media,IMG_2270.MOV,152,EXPLORE,0,batch_img2270_real,mixed
1.0,0.0,0.0,0.0,0.0,0.0,0.6495718359947205,0.9864974021911621,-0.00937500037252903,-0.004166666883975267,0.0,0.0,0.0,0.0,0.0,0.0,0.0,0.0,0.0,0.0,0.0,0.0,0.0,0.0,0.0,0.0,0.0,0.0,0.0,0.0,0.0,0.0,0.0,1.0,0.0,1.0,0.3333333432674408,0.0,0.0,0.0,0.0,0.0,0.0,AVOID_PERSON,real_media,IMG_2270.MOV,160,AVOID_PERSON,0,batch_img2270_real,mixed
1.0,0.0,0.0,0.0,0.0,0.0,0.4886784851551056,0.9916796684265137,-0.0062500000931322575,-0.004166666883975267,0.0,0.0,0.0,0.0,0.0,1.0,0.5660006999969482,0.9942773580551147,-0.0031250000465661287,-0.004166666883975267,0.0,0.0,0.0,0.0,0.0,0.0,0.0,0.0,0.0,0.0,0.0,0.0,0.0,0.0,1.0,1.0,0.6666666865348816,0.0,0.0,0.0,0.0,0.0,0.0,AVOID_PERSON,real_media,IMG_2270.MOV,168,AVOID_PERSON,0,batch_img2270_real,mixed
0.0,1.0,0.0,0.0,0.0,0.0,0.3582109212875366,0.5233593583106995,-0.4468750059604645,-0.03333333507180214,0.0,0.0,0.0,0.0,0.0,0.0,0.0,0.0,0.0,0.0,0.0,0.0,0.0,0.0,0.0,0.0,0.0,0.0,0.0,0.0,0.0,0.0,1.0,0.0,0.0,1.0,0.3333333432674408,0.0,0.0,0.0,0.0,0.0,0.0,MOVE_TO_CHAIR,real_media,IMG_2270.MOV,176,MOVE_TO_CHAIR,1,batch_img2270_real,mixed
0.0,0.0,0.0,0.0,0.0,0.0,0.0,0.0,0.0,0.0,0.0,0.0,0.0,0.0,0.0,0.0,0.0,0.0,0.0,0.0,0.0,0.0,0.0,0.0,0.0,0.0,0.0,0.0,0.0,0.0,0.0,0.0,1.0,0.0,0.0,1.0,0.0,0.0,0.0,0.0,0.0,0.0,0.0,EXPLORE,real_media,IMG_2270.MOV,184,EXPLORE,0,batch_img2270_real,mixed
0.0,0.0,0.0,0.0,0.0,0.0,0.0,0.0,0.0,0.0,0.0,0.0,0.0,0.0,0.0,0.0,0.0,0.0,0.0,0.0,0.0,0.0,0.0,0.0,0.0,0.0,0.0,0.0,0.0,0.0,0.0,0.0,1.0,0.0,0.0,1.0,0.0,0.0,0.0,0.0,0.0,0.0,0.0,EXPLORE,real_media,IMG_2270.MOV,192,EXPLORE,0,batch_img2270_real,mixed
0.0,0.0,0.0,0.0,0.0,0.0,0.0,0.0,0.0,0.0,0.0,0.0,0.0,0.0,0.0,0.0,0.0,0.0,0.0,0.0,0.0,0.0,0.0,0.0,0.0,0.0,0.0,0.0,0.0,0.0,0.0,0.0,1.0,0.0,0.0,1.0,0.0,0.0,0.0,0.0,0.0,0.0,0.0,EXPLORE,real_media,IMG_2270.MOV,200,EXPLORE,0,batch_img2270_real,mixed
0.0,0.0,0.0,0.0,0.0,0.0,0.0,0.0,0.0,0.0,0.0,0.0,0.0,0.0,0.0,0.0,0.0,0.0,0.0,0.0,0.0,0.0,0.0,0.0,0.0,0.0,0.0,0.0,0.0,0.0,0.0,0.0,1.0,0.0,0.0,1.0,0.0,0.0,0.0,0.0,0.0,0.0,0.0,EXPLORE,real_media,IMG_2270.MOV,208,EXPLORE,0,batch_img2270_real,mixed
0.0,0.0,0.0,0.0,0.0,0.0,0.0,0.0,0.0,0.0,0.0,0.0,0.0,0.0,0.0,0.0,0.0,0.0,0.0,0.0,0.0,0.0,0.0,0.0,0.0,0.0,0.0,0.0,0.0,0.0,0.0,0.0,0.0,1.0,0.0,1.0,0.0,0.0,0.0,0.0,0.0,0.0,0.0,EXPLORE,real_media,IMG_2270.MOV,240,EXPLORE,0,batch_img2270_real,mixed
0.0,0.0,0.0,0.0,0.0,1.0,0.459574818611145,0.734375,0.25312501192092896,0.0,0.0,0.0,0.0,0.0,0.0,0.0,0.0,0.0,0.0,0.0,0.0,0.0,0.0,0.0,0.0,0.0,0.0,0.0,0.0,0.0,0.0,0.0,0.0,0.0,1.0,1.0,0.3333333432674408,0.0,0.0,0.0,0.0,0.0,0.0,EXPLORE,real_media,IMG_2270.MOV,264,EXPLORE,0,batch_img2270_real,mixed
0.0,0.0,0.0,0.0,0.0,1.0,0.6318457722663879,0.5841536521911621,0.04374999925494194,0.0,0.0,0.0,0.0,0.0,0.0,0.0,0.0,0.0,0.0,0.0,0.0,0.0,0.0,0.0,0.0,0.0,0.0,0.0,0.0,0.0,0.0,0.0,0.0,0.0,1.0,1.0,0.3333333432674408,0.0,0.0,0.0,0.0,0.0,0.0,EXPLORE,real_media,IMG_2270.MOV,272,EXPLORE,0,batch_img2270_real,mixed
1.0,0.0,0.0,0.0,0.0,0.0,0.32686054706573486,0.8710839748382568,0.11562500149011612,-0.004166666883975267,0.0,0.0,0.0,0.0,0.0,0.0,0.0,0.0,0.0,0.0,0.0,0.0,0.0,0.0,0.0,0.0,0.0,0.0,0.0,0.0,0.0,0.0,1.0,0.0,0.0,1.0,0.3333333432674408,0.0,0.0,0.0,0.0,0.0,0.0,AVOID_PERSON,real_media,IMG_2270.MOV,280,AVOID_PERSON,1,batch_img2270_real,mixed
0.0,0.0,0.0,0.0,0.0,1.0,0.4875548183917999,0.49781250953674316,0.109375,0.08749999850988388,0.0,0.0,0.0,0.0,0.0,0.0,0.0,0.0,0.0,0.0,0.0,0.0,0.0,0.0,0.0,0.0,0.0,0.0,0.0,0.0,0.0,0.0,0.0,0.0,1.0,1.0,0.3333333432674408,0.0,0.0,0.0,0.0,0.0,0.0,EXPLORE,real_media,IMG_2270.MOV,288,EXPLORE,0,batch_img2270_real,mixed
0.0,0.0,0.0,0.0,0.0,1.0,0.45198574662208557,0.4721549451351166,0.08124999701976776,0.11666666716337204,0.0,0.0,0.0,0.0,0.0,0.0,0.0,0.0,0.0,0.0,0.0,0.0,0.0,0.0,0.0,0.0,0.0,0.0,0.0,0.0,0.0,1.0,0.0,0.0,0.0,1.0,0.3333333432674408,0.0,0.0,0.0,0.0,0.0,0.0,EXPLORE,real_media,IMG_2270.MOV,296,EXPLORE,0,batch_img2270_real,mixed
0.0,0.0,0.0,0.0,0.0,0.0,0.0,0.0,0.0,0.0,0.0,0.0,0.0,0.0,0.0,0.0,0.0,0.0,0.0,0.0,0.0,0.0,0.0,0.0,0.0,0.0,0.0,0.0,0.0,0.0,0.0,1.0,0.0,0.0,0.0,1.0,0.0,0.0,0.0,0.0,0.0,0.0,0.0,EXPLORE,real_media,IMG_2270.MOV,304,EXPLORE,0,batch_img2270_real,mixed
0.0,0.0,0.0,0.0,0.0,0.0,0.0,0.0,0.0,0.0,0.0,0.0,0.0,0.0,0.0,0.0,0.0,0.0,0.0,0.0,0.0,0.0,0.0,0.0,0.0,0.0,0.0,0.0,0.0,0.0,0.0,0.0,0.0,0.0,1.0,1.0,0.0,0.0,0.0,0.0,0.0,0.0,0.0,EXPLORE,real_media,IMG_2270.MOV,320,EXPLORE,0,batch_img2270_real,mixed
0.0,0.0,0.0,0.0,0.0,0.0,0.0,0.0,0.0,0.0,0.0,0.0,0.0,0.0,0.0,0.0,0.0,0.0,0.0,0.0,0.0,0.0,0.0,0.0,0.0,0.0,0.0,0.0,0.0,0.0,0.0,0.0,0.0,0.0,1.0,1.0,0.0,0.0,0.0,0.0,0.0,0.0,0.0,EXPLORE,real_media,IMG_2270.MOV,328,EXPLORE,0,batch_img2270_real,mixed
0.0,1.0,0.0,0.0,0.0,0.0,0.31322306394577026,0.3938932418823242,-0.13124999403953552,0.2958333194255829,0.0,0.0,0.0,0.0,0.0,1.0,0.36986613273620605,0.08448242396116257,-0.809374988079071,0.012500000186264515,0.0,0.0,0.0,0.0,0.0,0.0,0.0,0.0,0.0,0.0,0.0,0.0,0.0,0.0,1.0,1.0,0.6666666865348816,0.0,0.0,0.0,0.0,0.0,0.0,MOVE_TO_CHAIR,real_media,IMG_2270.MOV,336,MOVE_TO_CHAIR,1,batch_img2270_real,mixed
0.0,1.0,0.0,0.0,0.0,0.0,0.5091561675071716,0.31760743260383606,-0.171875,0.38749998807907104,0.0,0.0,0.0,0.0,0.0,0.0,0.0,0.0,0.0,0.0,0.0,0.0,0.0,0.0,0.0,0.0,0.0,0.0,0.0,0.0,0.0,0.0,0.0,0.0,1.0,1.0,0.3333333432674408,0.0,0.0,0.0,0.0,0.0,0.0,MOVE_TO_CHAIR,real_media,IMG_2270.MOV,344,MOVE_TO_CHAIR,0,batch_img2270_real,mixed
0.0,1.0,0.0,0.0,0.0,0.0,0.5669766664505005,0.2554687559604645,-0.140625,0.48750001192092896,0.0,1.0,0.0,0.0,0.0,0.0,0.28481021523475647,0.4970996081829071,-0.13437500596046448,0.012500000186264515,0.0,1.0,0.0,0.0,0.0,0.0,0.5394818782806396,0.07852539420127869,-0.800000011920929,-0.4416666626930237,0.0,0.0,0.0,0.0,1.0,1.0,1.0,0.0,0.0,0.0,0.0,0.0,0.0,MOVE_TO_CHAIR,real_media,IMG_2270.MOV,352,MOVE_TO_CHAIR,1,batch_img2270_real,mixed
0.0,0.0,0.0,0.0,0.0,0.0,0.0,0.0,0.0,0.0,0.0,0.0,0.0,0.0,0.0,0.0,0.0,0.0,0.0,0.0,0.0,0.0,0.0,0.0,0.0,0.0,0.0,0.0,0.0,0.0,0.0,0.0,0.0,0.0,1.0,1.0,0.0,0.0,0.0,0.0,0.0,0.0,0.0,EXPLORE,real_media,IMG_2270.MOV,360,EXPLORE,0,batch_img2270_real,mixed
0.0,0.0,0.0,0.0,0.0,0.0,0.0,0.0,0.0,0.0,0.0,0.0,0.0,0.0,0.0,0.0,0.0,0.0,0.0,0.0,0.0,0.0,0.0,0.0,0.0,0.0,0.0,0.0,0.0,0.0,0.0,0.0,1.0,0.0,0.0,1.0,0.0,0.0,0.0,0.0,0.0,0.0,0.0,EXPLORE,real_media,IMG_2270.MOV,368,EXPLORE,0,batch_img2270_real,mixed
1.0,0.0,0.0,0.0,0.0,0.0,0.5323818922042847,0.792187511920929,0.19687500596046448,0.0,0.0,1.0,0.0,0.0,0.0,0.0,0.6952397227287292,0.13118815422058105,-0.671875,0.5958333611488342,0.0,0.0,0.0,0.0,0.0,1.0,0.3429931104183197,0.7920963764190674,0.19687500596046448,-0.004166666883975267,0.0,0.0,0.0,0.0,1.0,1.0,1.0,0.0,0.0,0.0,0.0,0.0,0.0,AVOID_PERSON,real_media,IMG_2270.MOV,376,AVOID_PERSON,1,batch_img2270_real,mixed
1.0,0.0,0.0,0.0,0.0,0.0,0.7212052345275879,0.7608789205551147,0.22812500596046448,-0.004166666883975267,0.0,0.0,0.0,0.0,0.0,0.0,0.0,0.0,0.0,0.0,0.0,0.0,0.0,0.0,0.0,0.0,0.0,0.0,0.0,0.0,0.0,0.0,0.0,0.0,1.0,1.0,0.3333333432674408,0.0,0.0,0.0,0.0,0.0,0.0,AVOID_PERSON,real_media,IMG_2270.MOV,384,AVOID_PERSON,0,batch_img2270_real,mixed
0.0,0.0,0.0,0.0,0.0,0.0,0.0,0.0,0.0,0.0,0.0,0.0,0.0,0.0,0.0,0.0,0.0,0.0,0.0,0.0,0.0,0.0,0.0,0.0,0.0,0.0,0.0,0.0,0.0,0.0,0.0,0.0,0.0,0.0,1.0,1.0,0.0,0.0,0.0,0.0,0.0,0.0,0.0,EXPLORE,real_media,IMG_2270.MOV,392,EXPLORE,0,batch_img2270_real,mixed
1.0,0.0,0.0,0.0,0.0,0.0,0.3606913089752197,0.7344043254852295,0.23125000298023224,-0.004166666883975267,0.0,1.0,0.0,0.0,0.0,0.0,0.34556207060813904,0.0771191418170929,-0.203125,0.6833333373069763,0.0,1.0,0.0,0.0,0.0,0.0,0.26595360040664673,0.030709635466337204,-0.27812498807907104,0.5541666746139526,0.0,0.0,0.0,0.0,1.0,1.0,1.0,0.0,0.0,0.0,0.0,0.0,0.0,AVOID_PERSON,real_media,IMG_2270.MOV,400,AVOID_PERSON,1,batch_img2270_real,mixed
1.0,0.0,0.0,0.0,0.0,0.0,0.30215275287628174,0.7064192891120911,0.21562500298023224,0.0,0.0,0.0,0.0,0.0,0.0,0.0,0.0,0.0,0.0,0.0,0.0,0.0,0.0,0.0,0.0,0.0,0.0,0.0,0.0,0.0,0.0,0.0,0.0,0.0,1.0,1.0,0.3333333432674408,0.0,0.0,0.0,0.0,0.0,0.0,AVOID_PERSON,real_media,IMG_2270.MOV,408,AVOID_PERSON,1,batch_img2270_real,mixed
0.0,0.0,0.0,0.0,0.0,0.0,0.0,0.0,0.0,0.0,0.0,0.0,0.0,0.0,0.0,0.0,0.0,0.0,0.0,0.0,0.0,0.0,0.0,0.0,0.0,0.0,0.0,0.0,0.0,0.0,0.0,0.0,0.0,0.0,1.0,1.0,0.0,0.0,0.0,0.0,0.0,0.0,0.0,EXPLORE,real_media,IMG_2270.MOV,416,EXPLORE,0,batch_img2270_real,mixed
0.0,0.0,0.0,0.0,0.0,0.0,0.0,0.0,0.0,0.0,0.0,0.0,0.0,0.0,0.0,0.0,0.0,0.0,0.0,0.0,0.0,0.0,0.0,0.0,0.0,0.0,0.0,0.0,0.0,0.0,0.0,0.0,0.0,0.0,1.0,1.0,0.0,0.0,0.0,0.0,0.0,0.0,0.0,EXPLORE,real_media,IMG_2270.MOV,424,EXPLORE,0,batch_img2270_real,mixed
0.0,0.0,0.0,0.0,0.0,0.0,0.0,0.0,0.0,0.0,0.0,0.0,0.0,0.0,0.0,0.0,0.0,0.0,0.0,0.0,0.0,0.0,0.0,0.0,0.0,0.0,0.0,0.0,0.0,0.0,0.0,1.0,0.0,0.0,0.0,1.0,0.0,0.0,0.0,0.0,0.0,0.0,0.0,EXPLORE,real_media,IMG_2270.MOV,432,EXPLORE,0,batch_img2270_real,mixed
0.0,0.0,0.0,0.0,0.0,0.0,0.0,0.0,0.0,0.0,0.0,0.0,0.0,0.0,0.0,0.0,0.0,0.0,0.0,0.0,0.0,0.0,0.0,0.0,0.0,0.0,0.0,0.0,0.0,0.0,0.0,1.0,0.0,0.0,0.0,1.0,0.0,0.0,0.0,0.0,0.0,0.0,0.0,EXPLORE,real_media,IMG_2270.MOV,440,EXPLORE,0,batch_img2270_real,mixed
0.0,0.0,0.0,0.0,0.0,0.0,0.0,0.0,0.0,0.0,0.0,0.0,0.0,0.0,0.0,0.0,0.0,0.0,0.0,0.0,0.0,0.0,0.0,0.0,0.0,0.0,0.0,0.0,0.0,0.0,0.0,0.0,0.0,1.0,0.0,1.0,0.0,0.0,0.0,0.0,0.0,0.0,0.0,EXPLORE,real_media,IMG_2270.MOV,448,EXPLORE,0,batch_img2270_real,mixed
0.0,0.0,0.0,0.0,0.0,0.0,0.0,0.0,0.0,0.0,0.0,0.0,0.0,0.0,0.0,0.0,0.0,0.0,0.0,0.0,0.0,0.0,0.0,0.0,0.0,0.0,0.0,0.0,0.0,0.0,0.0,1.0,0.0,0.0,0.0,1.0,0.0,0.0,0.0,0.0,0.0,0.0,0.0,EXPLORE,real_media,IMG_2270.MOV,456,EXPLORE,0,batch_img2270_real,mixed
0.0,0.0,0.0,0.0,0.0,0.0,0.0,0.0,0.0,0.0,0.0,0.0,0.0,0.0,0.0,0.0,0.0,0.0,0.0,0.0,0.0,0.0,0.0,0.0,0.0,0.0,0.0,0.0,0.0,0.0,0.0,0.0,0.0,1.0,0.0,1.0,0.0,0.0,0.0,0.0,0.0,0.0,0.0,EXPLORE,real_media,IMG_2270.MOV,464,EXPLORE,0,batch_img2270_real,mixed
0.0,0.0,0.0,0.0,0.0,0.0,0.0,0.0,0.0,0.0,0.0,0.0,0.0,0.0,0.0,0.0,0.0,0.0,0.0,0.0,0.0,0.0,0.0,0.0,0.0,0.0,0.0,0.0,0.0,0.0,1.0,0.0,0.0,0.0,0.0,0.0,0.0,0.0,0.0,0.0,0.0,0.0,0.0,EXPLORE,real_media,IMG_2270.MOV,472,EXPLORE,0,batch_img2270_real,mixed
1.0,0.0,0.0,0.0,0.0,0.0,0.3425150513648987,0.00950520858168602,0.934374988079071,0.2291666716337204,0.0,0.0,0.0,0.0,0.0,0.0,0.0,0.0,0.0,0.0,0.0,0.0,0.0,0.0,0.0,0.0,0.0,0.0,0.0,0.0,1.0,0.0,0.0,0.0,0.0,0.0,0.3333333432674408,0.0,0.0,0.0,0.0,0.0,0.0,EXPLORE,real_media,IMG_2270.MOV,480,EXPLORE,1,batch_img2270_real,mixed
1.0,0.0,0.0,0.0,0.0,0.0,0.2679487466812134,0.9854426980018616,-0.0031250000465661287,-0.004166666883975267,0.0,0.0,0.0,0.0,0.0,1.0,0.2998088002204895,0.762499988079071,0.21250000596046448,0.0,0.0,0.0,0.0,0.0,0.0,0.0,0.0,0.0,0.0,0.0,0.0,0.0,0.0,0.0,1.0,1.0,0.6666666865348816,0.0,0.0,0.0,0.0,0.0,0.0,AVOID_PERSON,real_media,IMG_2270.MOV,488,AVOID_PERSON,1,batch_img2270_real,mixed
0.0,0.0,0.0,0.0,0.0,0.0,0.0,0.0,0.0,0.0,0.0,0.0,0.0,0.0,0.0,0.0,0.0,0.0,0.0,0.0,0.0,0.0,0.0,0.0,0.0,0.0,0.0,0.0,0.0,0.0,1.0,0.0,0.0,0.0,0.0,0.0,0.0,0.0,0.0,0.0,0.0,0.0,0.0,EXPLORE,real_media,IMG_2270.MOV,496,EXPLORE,0,batch_img2270_real,mixed
1.0,0.0,0.0,0.0,0.0,0.0,0.36100125312805176,0.024290364235639572,0.9312499761581421,0.6166666746139526,0.0,0.0,0.0,0.0,0.0,0.0,0.0,0.0,0.0,0.0,0.0,0.0,0.0,0.0,0.0,0.0,0.0,0.0,0.0,0.0,1.0,0.0,0.0,0.0,0.0,0.0,0.3333333432674408,0.0,0.0,0.0,0.0,0.0,0.0,EXPLORE,real_media,IMG_2270.MOV,512,EXPLORE,1,batch_img2270_real,mixed
0.0,0.0,0.0,0.0,0.0,0.0,0.0,0.0,0.0,0.0,0.0,0.0,0.0,0.0,0.0,0.0,0.0,0.0,0.0,0.0,0.0,0.0,0.0,0.0,0.0,0.0,0.0,0.0,0.0,0.0,0.0,0.0,0.0,0.0,1.0,1.0,0.0,0.0,0.0,0.0,0.0,0.0,0.0,EXPLORE,real_media,IMG_2270.MOV,520,EXPLORE,0,batch_img2270_real,mixed
0.0,0.0,0.0,0.0,0.0,0.0,0.0,0.0,0.0,0.0,0.0,0.0,0.0,0.0,0.0,0.0,0.0,0.0,0.0,0.0,0.0,0.0,0.0,0.0,0.0,0.0,0.0,0.0,0.0,0.0,0.0,0.0,0.0,0.0,1.0,1.0,0.0,0.0,0.0,0.0,0.0,0.0,0.0,EXPLORE,real_media,IMG_2270.MOV,528,EXPLORE,0,batch_img2270_real,mixed
1.0,0.0,0.0,0.0,0.0,0.0,0.3422510623931885,0.011123047210276127,0.890625,0.887499988079071,0.0,0.0,0.0,0.0,0.0,1.0,0.2520933449268341,0.9425097703933716,0.03750000149011612,-0.004166666883975267,0.0,0.0,0.0,0.0,0.0,1.0,0.4355272650718689,0.16013020277023315,-0.8374999761581421,0.004166666883975267,0.0,0.0,0.0,0.0,1.0,1.0,1.0,0.0,0.0,0.0,0.0,0.0,0.0,EXPLORE,real_media,IMG_2270.MOV,536,EXPLORE,1,batch_img2270_real,mixed
0.0,0.0,0.0,0.0,0.0,0.0,0.0,0.0,0.0,0.0,0.0,0.0,0.0,0.0,0.0,0.0,0.0,0.0,0.0,0.0,0.0,0.0,0.0,0.0,0.0,0.0,0.0,0.0,0.0,0.0,0.0,0.0,0.0,1.0,0.0,1.0,0.0,0.0,0.0,0.0,0.0,0.0,0.0,EXPLORE,real_media,IMG_2270.MOV,552,EXPLORE,0,batch_img2270_real,mixed
0.0,0.0,0.0,0.0,0.0,0.0,0.0,0.0,0.0,0.0,0.0,0.0,0.0,0.0,0.0,0.0,0.0,0.0,0.0,0.0,0.0,0.0,0.0,0.0,0.0,0.0,0.0,0.0,0.0,0.0,0.0,0.0,0.0,1.0,0.0,1.0,0.0,0.0,0.0,0.0,0.0,0.0,0.0,EXPLORE,real_media,IMG_2270.MOV,560,EXPLORE,0,batch_img2270_real,mixed
0.0,0.0,0.0,0.0,0.0,0.0,0.0,0.0,0.0,0.0,0.0,0.0,0.0,0.0,0.0,0.0,0.0,0.0,0.0,0.0,0.0,0.0,0.0,0.0,0.0,0.0,0.0,0.0,0.0,0.0,0.0,0.0,0.0,1.0,0.0,1.0,0.0,0.0,0.0,0.0,0.0,0.0,0.0,EXPLORE,real_media,IMG_2270.MOV,568,EXPLORE,0,batch_img2270_real,mixed
0.0,0.0,0.0,0.0,0.0,0.0,0.0,0.0,0.0,0.0,0.0,0.0,0.0,0.0,0.0,0.0,0.0,0.0,0.0,0.0,0.0,0.0,0.0,0.0,0.0,0.0,0.0,0.0,0.0,0.0,0.0,0.0,1.0,0.0,0.0,1.0,0.0,0.0,0.0,0.0,0.0,0.0,0.0,EXPLORE,real_media,IMG_2270.MOV,576,EXPLORE,0,batch_img2270_real,mixed
0.0,0.0,0.0,0.0,0.0,0.0,0.0,0.0,0.0,0.0,0.0,0.0,0.0,0.0,0.0,0.0,0.0,0.0,0.0,0.0,0.0,0.0,0.0,0.0,0.0,0.0,0.0,0.0,0.0,0.0,0.0,0.0,1.0,0.0,0.0,1.0,0.0,0.0,0.0,0.0,0.0,0.0,0.0,EXPLORE,real_media,IMG_2270.MOV,584,EXPLORE,0,batch_img2270_real,mixed
0.0,0.0,0.0,0.0,0.0,0.0,0.0,0.0,0.0,0.0,0.0,0.0,0.0,0.0,0.0,0.0,0.0,0.0,0.0,0.0,0.0,0.0,0.0,0.0,0.0,0.0,0.0,0.0,0.0,0.0,0.0,0.0,0.0,1.0,0.0,1.0,0.0,0.0,0.0,0.0,0.0,0.0,0.0,EXPLORE,real_media,IMG_2270.MOV,592,EXPLORE,0,batch_img2270_real,mixed
0.0,0.0,0.0,0.0,0.0,0.0,0.0,0.0,0.0,0.0,0.0,0.0,0.0,0.0,0.0,0.0,0.0,0.0,0.0,0.0,0.0,0.0,0.0,0.0,0.0,0.0,0.0,0.0,0.0,0.0,0.0,0.0,1.0,0.0,0.0,1.0,0.0,0.0,0.0,0.0,0.0,0.0,0.0,EXPLORE,real_media,IMG_2270.MOV,600,EXPLORE,0,batch_img2270_real,mixed
0.0,0.0,0.0,0.0,0.0,0.0,0.0,0.0,0.0,0.0,0.0,0.0,0.0,0.0,0.0,0.0,0.0,0.0,0.0,0.0,0.0,0.0,0.0,0.0,0.0,0.0,0.0,0.0,0.0,0.0,0.0,0.0,0.0,0.0,1.0,1.0,0.0,0.0,0.0,0.0,0.0,0.0,0.0,EXPLORE,real_media,IMG_2270.MOV,624,EXPLORE,0,batch_img2270_real,mixed
0.0,0.0,0.0,0.0,0.0,0.0,0.0,0.0,0.0,0.0,0.0,0.0,0.0,0.0,0.0,0.0,0.0,0.0,0.0,0.0,0.0,0.0,0.0,0.0,0.0,0.0,0.0,0.0,0.0,0.0,0.0,0.0,1.0,0.0,0.0,1.0,0.0,0.0,0.0,0.0,0.0,0.0,0.0,EXPLORE,real_media,IMG_2270.MOV,632,EXPLORE,0,batch_img2270_real,mixed
0.0,0.0,0.0,0.0,0.0,0.0,0.0,0.0,0.0,0.0,0.0,0.0,0.0,0.0,0.0,0.0,0.0,0.0,0.0,0.0,0.0,0.0,0.0,0.0,0.0,0.0,0.0,0.0,0.0,0.0,0.0,0.0,0.0,1.0,0.0,1.0,0.0,0.0,0.0,0.0,0.0,0.0,0.0,EXPLORE,real_media,IMG_2270.MOV,640,EXPLORE,0,batch_img2270_real,mixed
0.0,0.0,0.0,0.0,0.0,0.0,0.0,0.0,0.0,0.0,0.0,0.0,0.0,0.0,0.0,0.0,0.0,0.0,0.0,0.0,0.0,0.0,0.0,0.0,0.0,0.0,0.0,0.0,0.0,0.0,0.0,0.0,1.0,0.0,0.0,1.0,0.0,0.0,0.0,0.0,0.0,0.0,0.0,EXPLORE,real_media,IMG_2270.MOV,648,EXPLORE,0,batch_img2270_real,mixed
0.0,0.0,0.0,0.0,0.0,0.0,0.0,0.0,0.0,0.0,0.0,0.0,0.0,0.0,0.0,0.0,0.0,0.0,0.0,0.0,0.0,0.0,0.0,0.0,0.0,0.0,0.0,0.0,0.0,0.0,0.0,0.0,1.0,0.0,0.0,1.0,0.0,0.0,0.0,0.0,0.0,0.0,0.0,EXPLORE,real_media,IMG_2270.MOV,656,EXPLORE,0,batch_img2270_real,mixed
0.0,0.0,0.0,0.0,0.0,0.0,0.0,0.0,0.0,0.0,0.0,0.0,0.0,0.0,0.0,0.0,0.0,0.0,0.0,0.0,0.0,0.0,0.0,0.0,0.0,0.0,0.0,0.0,0.0,0.0,0.0,1.0,0.0,0.0,0.0,1.0,0.0,0.0,0.0,0.0,0.0,0.0,0.0,EXPLORE,real_media,IMG_2270.MOV,736,EXPLORE,0,batch_img2270_real,mixed
0.0,0.0,0.0,0.0,0.0,0.0,0.0,0.0,0.0,0.0,0.0,0.0,0.0,0.0,0.0,0.0,0.0,0.0,0.0,0.0,0.0,0.0,0.0,0.0,0.0,0.0,0.0,0.0,0.0,0.0,0.0,0.0,0.0,1.0,0.0,1.0,0.0,0.0,0.0,0.0,0.0,0.0,0.0,EXPLORE,real_media,IMG_2270.MOV,744,EXPLORE,0,batch_img2270_real,mixed
0.0,0.0,0.0,0.0,0.0,0.0,0.0,0.0,0.0,0.0,0.0,0.0,0.0,0.0,0.0,0.0,0.0,0.0,0.0,0.0,0.0,0.0,0.0,0.0,0.0,0.0,0.0,0.0,0.0,0.0,0.0,0.0,1.0,0.0,0.0,1.0,0.0,0.0,0.0,0.0,0.0,0.0,0.0,EXPLORE,real_media,IMG_2270.MOV,752,EXPLORE,0,batch_img2270_real,mixed
0.0,0.0,0.0,0.0,0.0,1.0,0.4639699459075928,0.377337247133255,0.6156250238418579,-0.004166666883975267,0.0,0.0,0.0,0.0,0.0,0.0,0.0,0.0,0.0,0.0,0.0,0.0,0.0,0.0,0.0,0.0,0.0,0.0,0.0,0.0,0.0,0.0,0.0,1.0,0.0,1.0,0.3333333432674408,0.0,0.0,0.0,0.0,0.0,0.0,EXPLORE,real_media,IMG_2270.MOV,768,EXPLORE,0,batch_img2270_real,mixed
0.0,0.0,0.0,0.0,0.0,0.0,0.0,0.0,0.0,0.0,0.0,0.0,0.0,0.0,0.0,0.0,0.0,0.0,0.0,0.0,0.0,0.0,0.0,0.0,0.0,0.0,0.0,0.0,0.0,0.0,0.0,0.0,0.0,1.0,0.0,1.0,0.0,0.0,0.0,0.0,0.0,0.0,0.0,EXPLORE,real_media,IMG_2270.MOV,776,EXPLORE,0,batch_img2270_real,mixed
0.0,0.0,0.0,0.0,0.0,0.0,0.0,0.0,0.0,0.0,0.0,0.0,0.0,0.0,0.0,0.0,0.0,0.0,0.0,0.0,0.0,0.0,0.0,0.0,0.0,0.0,0.0,0.0,0.0,0.0,0.0,0.0,1.0,0.0,0.0,1.0,0.0,0.0,0.0,0.0,0.0,0.0,0.0,EXPLORE,real_media,IMG_2270.MOV,784,EXPLORE,0,batch_img2270_real,mixed
0.0,0.0,0.0,0.0,0.0,0.0,0.0,0.0,0.0,0.0,0.0,0.0,0.0,0.0,0.0,0.0,0.0,0.0,0.0,0.0,0.0,0.0,0.0,0.0,0.0,0.0,0.0,0.0,0.0,0.0,0.0,0.0,0.0,0.0,1.0,1.0,0.0,0.0,0.0,0.0,0.0,0.0,0.0,EXPLORE,real_media,IMG_2270.MOV,792,EXPLORE,0,batch_img2270_real,mixed
0.0,0.0,0.0,0.0,0.0,0.0,0.0,0.0,0.0,0.0,0.0,0.0,0.0,0.0,0.0,0.0,0.0,0.0,0.0,0.0,0.0,0.0,0.0,0.0,0.0,0.0,0.0,0.0,0.0,0.0,0.0,0.0,0.0,0.0,1.0,1.0,0.0,0.0,0.0,0.0,0.0,0.0,0.0,EXPLORE,real_media,IMG_2270.MOV,824,EXPLORE,0,batch_img2270_real,mixed
0.0,0.0,0.0,0.0,0.0,0.0,0.0,0.0,0.0,0.0,0.0,0.0,0.0,0.0,0.0,0.0,0.0,0.0,0.0,0.0,0.0,0.0,0.0,0.0,0.0,0.0,0.0,0.0,0.0,0.0,0.0,0.0,1.0,0.0,0.0,1.0,0.0,0.0,0.0,0.0,0.0,0.0,0.0,EXPLORE,real_media,IMG_2270.MOV,832,EXPLORE,0,batch_img2270_real,mixed
0.0,0.0,0.0,0.0,0.0,0.0,0.0,0.0,0.0,0.0,0.0,0.0,0.0,0.0,0.0,0.0,0.0,0.0,0.0,0.0,0.0,0.0,0.0,0.0,0.0,0.0,0.0,0.0,0.0,0.0,0.0,0.0,0.0,1.0,0.0,1.0,0.0,0.0,0.0,0.0,0.0,0.0,0.0,EXPLORE,real_media,IMG_2270.MOV,840,EXPLORE,0,batch_img2270_real,mixed
0.0,0.0,0.0,0.0,0.0,0.0,0.0,0.0,0.0,0.0,0.0,0.0,0.0,0.0,0.0,0.0,0.0,0.0,0.0,0.0,0.0,0.0,0.0,0.0,0.0,0.0,0.0,0.0,0.0,0.0,0.0,0.0,0.0,0.0,1.0,1.0,0.0,0.0,0.0,0.0,0.0,0.0,0.0,EXPLORE,real_media,IMG_2270.MOV,848,EXPLORE,0,batch_img2270_real,mixed
0.0,0.0,0.0,0.0,0.0,0.0,0.0,0.0,0.0,0.0,0.0,0.0,0.0,0.0,0.0,0.0,0.0,0.0,0.0,0.0,0.0,0.0,0.0,0.0,0.0,0.0,0.0,0.0,0.0,0.0,0.0,0.0,0.0,0.0,1.0,1.0,0.0,0.0,0.0,0.0,0.0,0.0,0.0,EXPLORE,real_media,IMG_2270.MOV,856,EXPLORE,0,batch_img2270_real,mixed
0.0,0.0,0.0,0.0,0.0,0.0,0.0,0.0,0.0,0.0,0.0,0.0,0.0,0.0,0.0,0.0,0.0,0.0,0.0,0.0,0.0,0.0,0.0,0.0,0.0,0.0,0.0,0.0,0.0,0.0,0.0,0.0,0.0,1.0,0.0,1.0,0.0,0.0,0.0,0.0,0.0,0.0,0.0,EXPLORE,real_media,IMG_2270.MOV,864,EXPLORE,0,batch_img2270_real,mixed
0.0,0.0,0.0,0.0,0.0,0.0,0.0,0.0,0.0,0.0,0.0,0.0,0.0,0.0,0.0,0.0,0.0,0.0,0.0,0.0,0.0,0.0,0.0,0.0,0.0,0.0,0.0,0.0,0.0,0.0,0.0,0.0,0.0,1.0,0.0,1.0,0.0,0.0,0.0,0.0,0.0,0.0,0.0,EXPLORE,real_media,IMG_2270.MOV,872,EXPLORE,0,batch_img2270_real,mixed
0.0,0.0,0.0,0.0,0.0,0.0,0.0,0.0,0.0,0.0,0.0,0.0,0.0,0.0,0.0,0.0,0.0,0.0,0.0,0.0,0.0,0.0,0.0,0.0,0.0,0.0,0.0,0.0,0.0,0.0,0.0,0.0,1.0,0.0,0.0,1.0,0.0,0.0,0.0,0.0,0.0,0.0,0.0,EXPLORE,real_media,IMG_2270.MOV,888,EXPLORE,0,batch_img2270_real,mixed
0.0,0.0,0.0,0.0,0.0,0.0,0.0,0.0,0.0,0.0,0.0,0.0,0.0,0.0,0.0,0.0,0.0,0.0,0.0,0.0,0.0,0.0,0.0,0.0,0.0,0.0,0.0,0.0,0.0,0.0,0.0,0.0,0.0,0.0,1.0,1.0,0.0,0.0,0.0,0.0,0.0,0.0,0.0,EXPLORE,real_media,IMG_2270.MOV,904,EXPLORE,0,batch_img2270_real,mixed
0.0,0.0,0.0,0.0,0.0,0.0,0.0,0.0,0.0,0.0,0.0,0.0,0.0,0.0,0.0,0.0,0.0,0.0,0.0,0.0,0.0,0.0,0.0,0.0,0.0,0.0,0.0,0.0,0.0,0.0,0.0,0.0,0.0,0.0,1.0,1.0,0.0,0.0,0.0,0.0,0.0,0.0,0.0,EXPLORE,real_media,IMG_2270.MOV,912,EXPLORE,0,batch_img2270_real,mixed
0.0,0.0,0.0,0.0,0.0,0.0,0.0,0.0,0.0,0.0,0.0,0.0,0.0,0.0,0.0,0.0,0.0,0.0,0.0,0.0,0.0,0.0,0.0,0.0,0.0,0.0,0.0,0.0,0.0,0.0,0.0,0.0,0.0,0.0,1.0,1.0,0.0,0.0,0.0,0.0,0.0,0.0,0.0,EXPLORE,real_media,IMG_2270.MOV,928,EXPLORE,0,batch_img2270_real,mixed
0.0,0.0,0.0,0.0,0.0,0.0,0.0,0.0,0.0,0.0,0.0,0.0,0.0,0.0,0.0,0.0,0.0,0.0,0.0,0.0,0.0,0.0,0.0,0.0,0.0,0.0,0.0,0.0,0.0,0.0,0.0,0.0,0.0,0.0,1.0,1.0,0.0,0.0,0.0,0.0,0.0,0.0,0.0,EXPLORE,real_media,IMG_2270.MOV,936,EXPLORE,0,batch_img2270_real,mixed
0.0,0.0,0.0,0.0,0.0,0.0,0.0,0.0,0.0,0.0,0.0,0.0,0.0,0.0,0.0,0.0,0.0,0.0,0.0,0.0,0.0,0.0,0.0,0.0,0.0,0.0,0.0,0.0,0.0,0.0,0.0,0.0,1.0,0.0,0.0,1.0,0.0,0.0,0.0,0.0,0.0,0.0,0.0,EXPLORE,real_media,IMG_2270.MOV,944,EXPLORE,0,batch_img2270_real,mixed
0.0,0.0,0.0,0.0,0.0,1.0,0.4531538486480713,0.9807649850845337,0.012500000186264515,-0.004166666883975267,0.0,0.0,0.0,0.0,0.0,0.0,0.0,0.0,0.0,0.0,0.0,0.0,0.0,0.0,0.0,0.0,0.0,0.0,0.0,0.0,0.0,0.0,0.0,1.0,0.0,1.0,0.3333333432674408,0.0,0.0,0.0,0.0,0.0,0.0,EXPLORE,real_media,IMG_2270.MOV,952,EXPLORE,0,batch_img2270_real,mixed
0.0,0.0,0.0,0.0,0.0,0.0,0.0,0.0,0.0,0.0,0.0,0.0,0.0,0.0,0.0,0.0,0.0,0.0,0.0,0.0,0.0,0.0,0.0,0.0,0.0,0.0,0.0,0.0,0.0,0.0,0.0,0.0,0.0,1.0,0.0,1.0,0.0,0.0,0.0,0.0,0.0,0.0,0.0,EXPLORE,real_media,IMG_2270.MOV,960,EXPLORE,0,batch_img2270_real,mixed
0.0,0.0,0.0,0.0,0.0,0.0,0.0,0.0,0.0,0.0,0.0,0.0,0.0,0.0,0.0,0.0,0.0,0.0,0.0,0.0,0.0,0.0,0.0,0.0,0.0,0.0,0.0,0.0,0.0,0.0,0.0,0.0,0.0,1.0,0.0,1.0,0.0,0.0,0.0,0.0,0.0,0.0,0.0,EXPLORE,real_media,IMG_2270.MOV,968,EXPLORE,0,batch_img2270_real,mixed
0.0,0.0,0.0,0.0,0.0,0.0,0.0,0.0,0.0,0.0,0.0,0.0,0.0,0.0,0.0,0.0,0.0,0.0,0.0,0.0,0.0,0.0,0.0,0.0,0.0,0.0,0.0,0.0,0.0,0.0,0.0,1.0,0.0,0.0,0.0,1.0,0.0,0.0,0.0,0.0,0.0,0.0,0.0,EXPLORE,real_media,IMG_2270.MOV,976,EXPLORE,0,batch_img2270_real,mixed
1.0,0.0,0.0,0.0,0.0,0.0,0.37390294671058655,0.9751172065734863,0.012500000186264515,-0.004166666883975267,0.0,0.0,0.0,0.0,0.0,0.0,0.0,0.0,0.0,0.0,0.0,0.0,0.0,0.0,0.0,0.0,0.0,0.0,0.0,0.0,0.0,1.0,0.0,0.0,0.0,1.0,0.3333333432674408,0.0,0.0,0.0,0.0,0.0,0.0,AVOID_PERSON,real_media,IMG_2270.MOV,984,AVOID_PERSON,1,batch_img2270_real,mixed
1.0,0.0,0.0,0.0,0.0,0.0,0.2947445809841156,0.9616015553474426,0.02812499925494194,-0.004166666883975267,0.0,0.0,0.0,0.0,0.0,0.0,0.0,0.0,0.0,0.0,0.0,0.0,0.0,0.0,0.0,0.0,0.0,0.0,0.0,0.0,0.0,0.0,0.0,0.0,1.0,1.0,0.3333333432674408,0.0,0.0,0.0,0.0,0.0,0.0,AVOID_PERSON,real_media,IMG_2270.MOV,992,AVOID_PERSON,1,batch_img2270_real,mixed
0.0,0.0,0.0,0.0,0.0,0.0,0.0,0.0,0.0,0.0,0.0,0.0,0.0,0.0,0.0,0.0,0.0,0.0,0.0,0.0,0.0,0.0,0.0,0.0,0.0,0.0,0.0,0.0,0.0,0.0,0.0,0.0,0.0,1.0,0.0,1.0,0.0,0.0,0.0,0.0,0.0,0.0,0.0,EXPLORE,real_media,IMG_2270.MOV,1000,EXPLORE,0,batch_img2270_real,mixed
0.0,0.0,0.0,0.0,0.0,0.0,0.0,0.0,0.0,0.0,0.0,0.0,0.0,0.0,0.0,0.0,0.0,0.0,0.0,0.0,0.0,0.0,0.0,0.0,0.0,0.0,0.0,0.0,0.0,0.0,0.0,0.0,0.0,1.0,0.0,1.0,0.0,0.0,0.0,0.0,0.0,0.0,0.0,EXPLORE,real_media,IMG_2270.MOV,1008,EXPLORE,0,batch_img2270_real,mixed
0.0,0.0,0.0,0.0,0.0,0.0,0.0,0.0,0.0,0.0,0.0,0.0,0.0,0.0,0.0,0.0,0.0,0.0,0.0,0.0,0.0,0.0,0.0,0.0,0.0,0.0,0.0,0.0,0.0,0.0,0.0,0.0,0.0,0.0,1.0,1.0,0.0,0.0,0.0,0.0,0.0,0.0,0.0,EXPLORE,real_media,IMG_2270.MOV,1016,EXPLORE,0,batch_img2270_real,mixed
0.0,0.0,0.0,0.0,0.0,0.0,0.0,0.0,0.0,0.0,0.0,0.0,0.0,0.0,0.0,0.0,0.0,0.0,0.0,0.0,0.0,0.0,0.0,0.0,0.0,0.0,0.0,0.0,0.0,0.0,0.0,0.0,1.0,0.0,0.0,1.0,0.0,0.0,0.0,0.0,0.0,0.0,0.0,EXPLORE,real_media,IMG_2270.MOV,1024,EXPLORE,0,batch_img2270_real,mixed
0.0,0.0,0.0,0.0,0.0,0.0,0.0,0.0,0.0,0.0,0.0,0.0,0.0,0.0,0.0,0.0,0.0,0.0,0.0,0.0,0.0,0.0,0.0,0.0,0.0,0.0,0.0,0.0,0.0,0.0,0.0,0.0,0.0,0.0,1.0,1.0,0.0,0.0,0.0,0.0,0.0,0.0,0.0,EXPLORE,real_media,IMG_2270.MOV,1040,EXPLORE,0,batch_img2270_real,mixed
0.0,0.0,0.0,0.0,0.0,0.0,0.0,0.0,0.0,0.0,0.0,0.0,0.0,0.0,0.0,0.0,0.0,0.0,0.0,0.0,0.0,0.0,0.0,0.0,0.0,0.0,0.0,0.0,0.0,0.0,0.0,0.0,0.0,1.0,0.0,1.0,0.0,0.0,0.0,0.0,0.0,0.0,0.0,EXPLORE,real_media,IMG_2270.MOV,1048,EXPLORE,0,batch_img2270_real,mixed
0.0,0.0,0.0,0.0,0.0,0.0,0.0,0.0,0.0,0.0,0.0,0.0,0.0,0.0,0.0,0.0,0.0,0.0,0.0,0.0,0.0,0.0,0.0,0.0,0.0,0.0,0.0,0.0,0.0,0.0,0.0,0.0,0.0,1.0,0.0,1.0,0.0,0.0,0.0,0.0,0.0,0.0,0.0,EXPLORE,real_media,IMG_2270.MOV,1064,EXPLORE,0,batch_img2270_real,mixed
0.0,0.0,0.0,0.0,0.0,0.0,0.0,0.0,0.0,0.0,0.0,0.0,0.0,0.0,0.0,0.0,0.0,0.0,0.0,0.0,0.0,0.0,0.0,0.0,0.0,0.0,0.0,0.0,0.0,0.0,0.0,0.0,0.0,1.0,0.0,1.0,0.0,0.0,0.0,0.0,0.0,0.0,0.0,EXPLORE,real_media,IMG_2270.MOV,1080,EXPLORE,0,batch_img2270_real,mixed
0.0,0.0,0.0,0.0,0.0,0.0,0.0,0.0,0.0,0.0,0.0,0.0,0.0,0.0,0.0,0.0,0.0,0.0,0.0,0.0,0.0,0.0,0.0,0.0,0.0,0.0,0.0,0.0,0.0,0.0,0.0,1.0,0.0,0.0,0.0,1.0,0.0,0.0,0.0,0.0,0.0,0.0,0.0,EXPLORE,real_media,IMG_2270.MOV,1088,EXPLORE,0,batch_img2270_real,mixed
0.0,0.0,0.0,0.0,0.0,0.0,0.0,0.0,0.0,0.0,0.0,0.0,0.0,0.0,0.0,0.0,0.0,0.0,0.0,0.0,0.0,0.0,0.0,0.0,0.0,0.0,0.0,0.0,0.0,0.0,0.0,1.0,0.0,0.0,0.0,1.0,0.0,0.0,0.0,0.0,0.0,0.0,0.0,EXPLORE,real_media,IMG_2270.MOV,1096,EXPLORE,0,batch_img2270_real,mixed
0.0,0.0,0.0,0.0,0.0,0.0,0.0,0.0,0.0,0.0,0.0,0.0,0.0,0.0,0.0,0.0,0.0,0.0,0.0,0.0,0.0,0.0,0.0,0.0,0.0,0.0,0.0,0.0,0.0,0.0,0.0,0.0,0.0,0.0,1.0,1.0,0.0,0.0,0.0,0.0,0.0,0.0,0.0,EXPLORE,real_media,IMG_2270.MOV,1104,EXPLORE,0,batch_img2270_real,mixed
0.0,0.0,0.0,0.0,0.0,0.0,0.0,0.0,0.0,0.0,0.0,0.0,0.0,0.0,0.0,0.0,0.0,0.0,0.0,0.0,0.0,0.0,0.0,0.0,0.0,0.0,0.0,0.0,0.0,0.0,0.0,0.0,1.0,0.0,0.0,1.0,0.0,0.0,0.0,0.0,0.0,0.0,0.0,EXPLORE,real_media,IMG_2270.MOV,1112,EXPLORE,0,batch_img2270_real,mixed
0.0,0.0,0.0,0.0,0.0,0.0,0.0,0.0,0.0,0.0,0.0,0.0,0.0,0.0,0.0,0.0,0.0,0.0,0.0,0.0,0.0,0.0,0.0,0.0,0.0,0.0,0.0,0.0,0.0,0.0,0.0,0.0,0.0,0.0,1.0,1.0,0.0,0.0,0.0,0.0,0.0,0.0,0.0,EXPLORE,real_media,IMG_2270.MOV,1120,EXPLORE,0,batch_img2270_real,mixed
0.0,0.0,0.0,0.0,0.0,0.0,0.0,0.0,0.0,0.0,0.0,0.0,0.0,0.0,0.0,0.0,0.0,0.0,0.0,0.0,0.0,0.0,0.0,0.0,0.0,0.0,0.0,0.0,0.0,0.0,0.0,1.0,0.0,0.0,0.0,1.0,0.0,0.0,0.0,0.0,0.0,0.0,0.0,EXPLORE,real_media,IMG_2270.MOV,1128,EXPLORE,0,batch_img2270_real,mixed
0.0,0.0,0.0,0.0,0.0,0.0,0.0,0.0,0.0,0.0,0.0,0.0,0.0,0.0,0.0,0.0,0.0,0.0,0.0,0.0,0.0,0.0,0.0,0.0,0.0,0.0,0.0,0.0,0.0,0.0,0.0,0.0,0.0,1.0,0.0,1.0,0.0,0.0,0.0,0.0,0.0,0.0,0.0,EXPLORE,real_media,IMG_2270.MOV,1136,EXPLORE,0,batch_img2270_real,mixed
0.0,0.0,0.0,0.0,0.0,0.0,0.0,0.0,0.0,0.0,0.0,0.0,0.0,0.0,0.0,0.0,0.0,0.0,0.0,0.0,0.0,0.0,0.0,0.0,0.0,0.0,0.0,0.0,0.0,0.0,0.0,0.0,0.0,1.0,0.0,1.0,0.0,0.0,0.0,0.0,0.0,0.0,0.0,EXPLORE,real_media,IMG_2270.MOV,1144,EXPLORE,0,batch_img2270_real,mixed
0.0,0.0,0.0,0.0,0.0,0.0,0.0,0.0,0.0,0.0,0.0,0.0,0.0,0.0,0.0,0.0,0.0,0.0,0.0,0.0,0.0,0.0,0.0,0.0,0.0,0.0,0.0,0.0,0.0,0.0,0.0,0.0,0.0,1.0,0.0,1.0,0.0,0.0,0.0,0.0,0.0,0.0,0.0,EXPLORE,real_media,IMG_2270.MOV,1152,EXPLORE,0,batch_img2270_real,mixed
0.0,0.0,0.0,0.0,0.0,0.0,0.0,0.0,0.0,0.0,0.0,0.0,0.0,0.0,0.0,0.0,0.0,0.0,0.0,0.0,0.0,0.0,0.0,0.0,0.0,0.0,0.0,0.0,0.0,0.0,0.0,0.0,0.0,0.0,1.0,1.0,0.0,0.0,0.0,0.0,0.0,0.0,0.0,EXPLORE,real_media,IMG_2270.MOV,1160,EXPLORE,0,batch_img2270_real,mixed
0.0,0.0,0.0,0.0,0.0,0.0,0.0,0.0,0.0,0.0,0.0,0.0,0.0,0.0,0.0,0.0,0.0,0.0,0.0,0.0,0.0,0.0,0.0,0.0,0.0,0.0,0.0,0.0,0.0,0.0,0.0,0.0,0.0,0.0,1.0,1.0,0.0,0.0,0.0,0.0,0.0,0.0,0.0,EXPLORE,real_media,IMG_2270.MOV,1168,EXPLORE,0,batch_img2270_real,mixed
0.0,0.0,0.0,0.0,0.0,0.0,0.0,0.0,0.0,0.0,0.0,0.0,0.0,0.0,0.0,0.0,0.0,0.0,0.0,0.0,0.0,0.0,0.0,0.0,0.0,0.0,0.0,0.0,0.0,0.0,0.0,0.0,0.0,0.0,1.0,1.0,0.0,0.0,0.0,0.0,0.0,0.0,0.0,EXPLORE,real_media,IMG_2270.MOV,1176,EXPLORE,0,batch_img2270_real,mixed
